{"cameraMode":{"drawMode":0,"name":"Shaded","section":"Shading Mode"},"sceneLighting":true,"audioPlay":false,"sceneViewState":{"m_AlwaysRefresh":false,"showFog":true,"showSkybox":true,"showFlares":true,"showImageEffects":true,"showParticleSystems":true,"showVisualEffectGraphs":true,"m_FxEnabled":true},"in2DMode":false,"pivot":{"x":44.64453887939453,"y":86.00675201416016,"z":222.01919555664063},"rotation":{"x":0.010481597855687142,"y":0.9560365080833435,"z":-0.29102954268455508,"w":0.03443220630288124},"size":3.130202054977417,"orthographic":false}