{"cameraMode":{"drawMode":0,"name":"Shaded","section":"Shading Mode"},"sceneLighting":false,"audioPlay":false,"sceneViewState":{"m_AlwaysRefresh":false,"showFog":true,"showSkybox":false,"showFlares":true,"showImageEffects":true,"showParticleSystems":true,"showVisualEffectGraphs":true,"m_FxEnabled":true},"in2DMode":false,"pivot":{"x":6.380270957946777,"y":1.1633331775665284,"z":1.5607223510742188},"rotation":{"x":0.1007198765873909,"y":0.5199543833732605,"z":-0.061904583126306537,"w":0.8459738492965698},"size":2.5214946269989015,"orthographic":false}